name,state,population,lat,lon
New York city,New York,8478072,40.662712,-73.938677
Los Angeles city,California,3878704,34.019394,-118.410825
Chicago city,Illinois,2721308,41.837045,-87.684939
Houston city,Texas,2390125,29.785743,-95.388806
Phoenix city,Arizona,1673164,33.572154,-112.090132
Philadelphia city,Pennsylvania,1573916,40.009376,-75.133346
San Antonio city,Texas,1526656,29.462809,-98.524635
San Diego city,California,1404452,32.814977,-117.135562
Dallas city,Texas,1326087,32.793333,-96.766513
Jacksonville city,Florida,1009833,30.336864,-81.661603
Fort Worth city,Texas,1008106,32.781954,-97.348573
San Jose city,California,997368,37.296011,-121.814552
Austin city,Texas,993588,30.298622,-97.754134
Charlotte city,North Carolina,943476,35.209045,-80.83099
Columbus city,Ohio,933263,39.983938,-82.984882
Indianapolis city (balance),Indiana,891484,39.776664,-86.145935
San Francisco city,California,827526,37.727239,-123.032229
Seattle city,Washington,780995,47.619335,-122.351538
Denver city,Colorado,729019,39.76185,-104.881105
Oklahoma City city,Oklahoma,712919,35.467079,-97.513657
Nashville-Davidson metropolitan government (balance),Tennessee,704963,36.1718,-86.785002
Washington city,District of Columbia,702250,38.904247,-77.016517
El Paso city,Texas,681723,31.84778,-106.431106
Las Vegas city,Nevada,678922,36.233499,-115.264037
Boston city,Massachusetts,673458,42.338551,-71.018253
Detroit city,Michigan,645705,42.383037,-83.102237
Louisville/Jefferson County metro government (balance),Kentucky,640796,38.165376,-85.647377
Portland city,Oregon,635749,45.536951,-122.649971
Memphis city,Tennessee,610919,35.109164,-89.968511
Baltimore city,Maryland,568271,39.300032,-76.610476
Milwaukee city,Wisconsin,563531,43.063348,-87.966695
Albuquerque city,New Mexico,560326,35.10478,-106.646809
Tucson city,Arizona,554013,32.153036,-110.870773
Fresno city,California,550105,36.782684,-119.793359
Sacramento city,California,535798,38.567694,-121.468161
Atlanta city,Georgia,520070,33.762909,-84.422675
Mesa city,Arizona,517151,33.400626,-111.716487
Kansas City city,Missouri,516032,39.125155,-94.550313
Raleigh city,North Carolina,499825,35.831868,-78.641042
Colorado Springs city,Colorado,493554,38.867255,-104.760749
Omaha city,Nebraska,489265,41.262705,-96.053475
Miami city,Florida,487014,25.775163,-80.208615
Virginia Beach city,Virginia,454808,36.779525,-76.029142
Long Beach city,California,450901,33.780791,-118.16818
Oakland city,California,443554,37.769846,-122.22569
Minneapolis city,Minnesota,428579,44.963324,-93.26832
Bakersfield city,California,417468,35.353171,-119.037919
Tulsa city,Oklahoma,415154,36.127949,-95.902316
Tampa city,Florida,414547,27.970086,-82.479673
Arlington city,Texas,403672,32.700708,-97.124691
Aurora city,Colorado,403130,39.709537,-104.720509
Wichita city,Kansas,400991,37.690638,-97.345836
Cleveland city,Ohio,365379,41.478462,-81.679435
New Orleans city,Louisiana,362701,30.05342,-89.934502
Henderson city,Nevada,350039,36.008958,-115.0268
Urban Honolulu CDP,Hawaii,344967,21.324347,-157.84764
Anaheim city,California,344561,33.855502,-117.758657
Orlando city,Florida,334854,28.40865,-81.254805
Lexington-Fayette urban county,Kentucky,329437,38.040678,-84.458272
Stockton city,California,324975,37.976553,-121.308598
Riverside city,California,323757,33.938143,-117.393168
Irvine city,California,318683,33.678399,-117.771254
Corpus Christi city,Texas,317317,27.754252,-97.173385
Newark city,New Jersey,317303,40.72422,-74.172574
Santa Ana city,California,316184,33.736332,-117.8829
Cincinnati city,Ohio,314915,39.140183,-84.505829
Pittsburgh city,Pennsylvania,307668,40.439936,-79.975676
St. Paul city,Minnesota,307465,44.948901,-93.104063
Greensboro city,North Carolina,307381,36.09485,-79.823624
Jersey City city,New Jersey,302824,40.711417,-74.06476
Durham city,North Carolina,301870,35.977928,-78.898109
Lincoln city,Nebraska,300619,40.810284,-96.674856
North Las Vegas city,Nevada,294034,36.289865,-115.089181
Plano city,Texas,293286,33.050769,-96.747944
Anchorage municipality,Alaska,289600,61.17425,-149.284329
Gilbert town,Arizona,288790,33.310345,-111.743121
Madison city,Wisconsin,285300,43.087815,-89.429856
Reno city,Nevada,281714,39.549097,-119.849907
Chandler city,Arizona,281231,33.282765,-111.851819
St. Louis city,Missouri,279695,38.635699,-90.244582
Chula Vista city,California,278546,32.62767,-117.01517
Buffalo city,New York,276617,42.892492,-78.859686
Fort Wayne city,Indiana,273203,41.088193,-85.142791
Lubbock city,Texas,272086,33.561901,-101.888883
St. Petersburg city,Florida,267102,27.762727,-82.644131
Toledo city,Ohio,265638,41.664071,-83.581861
Laredo city,Texas,261260,27.560379,-99.489181
Port St. Lucie city,Florida,258575,27.280554,-80.388261
Glendale city,Arizona,258143,33.533111,-112.189901
Irving city,Texas,258060,32.857748,-96.970022
Winston-Salem city,North Carolina,255769,36.102863,-80.260829
Chesapeake city,Virginia,254997,36.679376,-76.301788
Garland city,Texas,250431,32.909826,-96.630334
Scottsdale city,Arizona,246170,33.684272,-111.861448
Boise City city,Idaho,237963,43.599335,-116.229817
Hialeah city,Florida,235388,25.869941,-80.302865
Frisco city,Texas,235208,33.155427,-96.822596
Richmond city,Virginia,233655,37.531399,-77.476009
Cape Coral city,Florida,233025,26.643192,-81.997364
Norfolk city,Virginia,231105,36.923015,-76.244641
Spokane city,Washington,230609,47.666935,-117.433322
Huntsville city,Alabama,230402,34.69772,-86.67667
Santa Clarita city,California,229159,34.416504,-118.500693
Tacoma city,Washington,228202,47.252199,-122.459832
Fremont city,California,228192,37.49446,-121.94115
McKinney city,Texas,227526,33.201125,-96.664161
San Bernardino city,California,224775,34.14114,-117.294635
Baton Rouge city,Louisiana,220907,30.440443,-91.133166
Modesto city,California,220592,37.637533,-121.003049
Fontana city,California,218455,34.109686,-117.462888
Salt Lake City city,Utah,217783,40.776928,-111.930991
Moreno Valley city,California,213919,33.923253,-117.205685
Des Moines city,Iowa,213096,41.57259,-93.610243
Worcester city,Massachusetts,211286,42.269478,-71.807783
Yonkers city,New York,211040,40.945862,-73.867446
Fayetteville city,North Carolina,209496,35.082766,-78.973515
Sioux Falls city,South Dakota,209289,43.540696,-96.731962
Grand Prairie city,Texas,207331,32.686108,-97.020804
Rochester city,New York,207282,43.169927,-77.616891
Tallahassee city,Florida,205089,30.453529,-84.252272
Little Rock city,Arkansas,204774,34.725393,-92.358556
Amarillo city,Texas,203729,35.198064,-101.833107
Overland Park city,Kansas,202893,38.889042,-94.690584
Columbus city,Georgia,201830,32.510191,-84.874946
Augusta-Richmond County consolidated government (balance),Georgia,201737,33.365531,-82.073422
Mobile city,Alabama,201367,30.668246,-88.107853
Oxnard city,California,200616,34.199436,-119.207515
Grand Rapids city,Michigan,200117,42.961156,-85.65557
